{
  "fold_best_contaminations": [
    0.058673366834170855,
    0.12386934673366834,
    0.08625628140703517,
    0.4699095477386935,
    0.48746231155778896
  ],
  "median_contamination": 0.12386934673366834
}