{
  "selected_perfs": [
    0.04,
    0.051000000000000004,
    0.09,
    0.397,
    0.481
  ],
  "median_contamination": 0.09,
  "test_threshold": 0.07055927600835772,
  "test_prec": 0.2222222222222222,
  "test_rec": 0.2857142857142857,
  "test_f1": 0.25
}