{"contamination": 0.031, "threshold": -0.007357755661818867, "f1": 0.2857142857142857}